feature,context_id,context_change,context_changed_level_v51_marginal_exposure_share,quantile,value,glm_frequency_relativity,xgb_frequency_relativity,log_xgb_over_glm_relativity
driver_age,BASE,{},1.0,0.05,30.0,0.8796810286266358,1.0130138438545593,0.14112579605403006
driver_age,BASE,{},1.0,0.1,32.0,0.8930488167849453,1.0148880593207819,0.127892353575496
driver_age,BASE,{},1.0,0.2,36.0,0.9203968978457889,0.999435408227316,0.08238554005331328
driver_age,BASE,{},1.0,0.3,39.0,0.9414561707365412,0.9989778785409982,0.0593048403771465
driver_age,BASE,{},1.0,0.4,43.0,0.9702866435938099,1.0,0.03016374227925389
driver_age,BASE,{},1.0,0.5,47.0,1.0,1.0,0.0
driver_age,BASE,{},1.0,0.6,51.0,1.030623276742361,1.0,-0.030163742279253627
driver_age,BASE,{},1.0,0.7,55.0,1.0621843385631615,0.9980292050276691,-0.06230022410257131
driver_age,BASE,{},1.0,0.8,59.0,1.0947119035143833,0.8994698889279773,-0.1964409283337278
driver_age,BASE,{},1.0,0.9,64.0,1.1367756805682248,0.8946749470664639,-0.23949071899794838
driver_age,BASE,{},1.0,0.95,68.0,1.1715874768282517,0.8955651976658229,-0.26865990121735667
driver_age,BUSINESS_TYPE_P,"{""business_type"":""P""}",0.0322438248873501,0.05,30.0,0.8796810286266358,1.0130138888453326,0.14112584046682142
driver_age,BUSINESS_TYPE_P,"{""business_type"":""P""}",0.0322438248873501,0.1,32.0,0.8930488167849454,1.01488812857226,0.1278924218110763
driver_age,BUSINESS_TYPE_P,"{""business_type"":""P""}",0.0322438248873501,0.2,36.0,0.920396897845789,0.9994354422537429,0.08238557409896144
driver_age,BUSINESS_TYPE_P,"{""business_type"":""P""}",0.0322438248873501,0.3,39.0,0.9414561707365411,0.9989779281685464,0.05930489005547088
driver_age,BUSINESS_TYPE_P,"{""business_type"":""P""}",0.0322438248873501,0.4,43.0,0.97028664359381,1.0,0.030163742279253676
driver_age,BUSINESS_TYPE_P,"{""business_type"":""P""}",0.0322438248873501,0.5,47.0,1.0,1.0,0.0
driver_age,BUSINESS_TYPE_P,"{""business_type"":""P""}",0.0322438248873501,0.6,51.0,1.030623276742361,1.0,-0.030163742279253627
driver_age,BUSINESS_TYPE_P,"{""business_type"":""P""}",0.0322438248873501,0.7,55.0,1.0621843385631617,0.9980293094743048,-0.06230011944969192
driver_age,BUSINESS_TYPE_P,"{""business_type"":""P""}",0.0322438248873501,0.8,59.0,1.0947119035143833,0.8994699735910187,-0.19644083420824518
driver_age,BUSINESS_TYPE_P,"{""business_type"":""P""}",0.0322438248873501,0.9,64.0,1.1367756805682248,0.8946750308464847,-0.23949062535498097
driver_age,BUSINESS_TYPE_P,"{""business_type"":""P""}",0.0322438248873501,0.95,68.0,1.1715874768282513,0.8955652494183508,-0.2686598434297975
driver_age,POLICY_TYPE_COMP_E,"{""policy_type"":""COMP_E""}",0.2375225200108693,0.05,30.0,0.8796810286266357,1.0118081092740054,0.13993484223094899
driver_age,POLICY_TYPE_COMP_E,"{""policy_type"":""COMP_E""}",0.2375225200108693,0.1,32.0,0.8930488167849455,1.0136801125836246,0.1267014181199766
driver_age,POLICY_TYPE_COMP_E,"{""policy_type"":""COMP_E""}",0.2375225200108693,0.2,36.0,0.920396897845789,0.9994354907146797,0.08238562258727153
driver_age,POLICY_TYPE_COMP_E,"{""policy_type"":""COMP_E""}",0.2375225200108693,0.3,39.0,0.9414561707365411,0.9989779429444295,0.059304904846471246
driver_age,POLICY_TYPE_COMP_E,"{""policy_type"":""COMP_E""}",0.2375225200108693,0.4,43.0,0.9702866435938099,1.0,0.03016374227925389
driver_age,POLICY_TYPE_COMP_E,"{""policy_type"":""COMP_E""}",0.2375225200108693,0.5,47.0,1.0,1.0,0.0
driver_age,POLICY_TYPE_COMP_E,"{""policy_type"":""COMP_E""}",0.2375225200108693,0.6,51.0,1.030623276742361,1.0,-0.030163742279253627
driver_age,POLICY_TYPE_COMP_E,"{""policy_type"":""COMP_E""}",0.2375225200108693,0.7,55.0,1.0621843385631615,0.9980292561843204,-0.06230017284490297
driver_age,POLICY_TYPE_COMP_E,"{""policy_type"":""COMP_E""}",0.2375225200108693,0.8,59.0,1.094711903514383,0.9602876645969761,-0.13101361562244718
driver_age,POLICY_TYPE_COMP_E,"{""policy_type"":""COMP_E""}",0.2375225200108693,0.9,64.0,1.1367756805682248,0.9705620695020013,-0.15807582689480948
driver_age,POLICY_TYPE_COMP_E,"{""policy_type"":""COMP_E""}",0.2375225200108693,0.95,68.0,1.1715874768282513,0.971527817065754,-0.18724502443127294
driver_age,FUEL_TYPE_G,"{""fuel_type"":""G""}",0.36069678525926124,0.05,30.0,0.8796810286266359,1.027905149262448,0.15571880020848894
driver_age,FUEL_TYPE_G,"{""fuel_type"":""G""}",0.36069678525926124,0.1,32.0,0.8930488167849454,1.0298069304453636,0.1424853720489674
driver_age,FUEL_TYPE_G,"{""fuel_type"":""G""}",0.36069678525926124,0.2,36.0,0.9203968978457892,1.0141271133858578,0.09697854694893156
driver_age,FUEL_TYPE_G,"{""fuel_type"":""G""}",0.36069678525926124,0.3,39.0,0.9414561707365412,1.0106999640318202,0.07097060906959203
driver_age,FUEL_TYPE_G,"{""fuel_type"":""G""}",0.36069678525926124,0.4,43.0,0.97028664359381,1.0117340001101276,0.04182943285355086
driver_age,FUEL_TYPE_G,"{""fuel_type"":""G""}",0.36069678525926124,0.5,47.0,1.0,1.0,0.0
driver_age,FUEL_TYPE_G,"{""fuel_type"":""G""}",0.36069678525926124,0.6,51.0,1.030623276742361,1.0,-0.030163742279253627
driver_age,FUEL_TYPE_G,"{""fuel_type"":""G""}",0.36069678525926124,0.7,55.0,1.0621843385631615,0.9980292516584127,-0.06230017737974767
driver_age,FUEL_TYPE_G,"{""fuel_type"":""G""}",0.36069678525926124,0.8,59.0,1.0947119035143835,0.8994699190468519,-0.19644089484858915
driver_age,FUEL_TYPE_G,"{""fuel_type"":""G""}",0.36069678525926124,0.9,64.0,1.1367756805682252,0.8905689924125914,-0.24409060790151804
driver_age,FUEL_TYPE_G,"{""fuel_type"":""G""}",0.36069678525926124,0.95,68.0,1.1715874768282517,0.8867911945433938,-0.278505377728304
driver_age,CIRCULATION_AREA_R,"{""circulation_area"":""R""}",0.45981696634625785,0.05,30.0,0.8796810286266358,1.0129075121435065,0.14102082484097123
driver_age,CIRCULATION_AREA_R,"{""circulation_area"":""R""}",0.45981696634625785,0.1,32.0,0.8930488167849453,1.0147815037736352,0.12778735564954588
driver_age,CIRCULATION_AREA_R,"{""circulation_area"":""R""}",0.45981696634625785,0.2,36.0,0.920396897845789,0.996797470557092,0.0797426227526701
driver_age,CIRCULATION_AREA_R,"{""circulation_area"":""R""}",0.45981696634625785,0.3,39.0,0.9414561707365412,0.9963411752803262,0.05666194996784118
driver_age,CIRCULATION_AREA_R,"{""circulation_area"":""R""}",0.45981696634625785,0.4,43.0,0.9702866435938099,0.9973605294083023,0.027520782143335212
driver_age,CIRCULATION_AREA_R,"{""circulation_area"":""R""}",0.45981696634625785,0.5,47.0,1.0,1.0,0.0
driver_age,CIRCULATION_AREA_R,"{""circulation_area"":""R""}",0.45981696634625785,0.6,51.0,1.030623276742361,1.0,-0.030163742279253627
driver_age,CIRCULATION_AREA_R,"{""circulation_area"":""R""}",0.45981696634625785,0.7,55.0,1.0621843385631617,0.9980292940207638,-0.06230013493374737
driver_age,CIRCULATION_AREA_R,"{""circulation_area"":""R""}",0.45981696634625785,0.8,59.0,1.094711903514383,0.9251346312852332,-0.16830723156307156
driver_age,CIRCULATION_AREA_R,"{""circulation_area"":""R""}",0.45981696634625785,0.9,64.0,1.1367756805682248,0.9162758235812402,-0.21563374687482595
driver_age,CIRCULATION_AREA_R,"{""circulation_area"":""R""}",0.45981696634625785,0.95,68.0,1.1715874768282515,0.9171875829958342,-0.24480291300221182
vehicle_age,BASE,{},1.0,0.05,7.0,1.30915813004366,1.3384124928875694,0.02209992303848774
vehicle_age,BASE,{},1.0,0.1,10.0,1.2446753451532508,1.053099929598991,-0.16713660041267692
vehicle_age,BASE,{},1.0,0.2,14.0,1.163611648713539,1.0321499338828721,-0.11988471723805386
vehicle_age,BASE,{},1.0,0.3,17.0,1.1062977781290382,1.0099567041481807,-0.09111164292223448
vehicle_age,BASE,{},1.0,0.4,20.0,1.0518069110483343,1.0023518717066353,-0.048160442453238375
vehicle_age,BASE,{},1.0,0.5,23.0,1.0,1.0,0.0
vehicle_age,BASE,{},1.0,0.6,27.0,0.9348716139068931,1.0067882394394643,0.07411137353297918
vehicle_age,BASE,{},1.0,0.7,32.0,0.8593932529857155,1.0014104661156185,0.1529381308574721
vehicle_age,BASE,{},1.0,0.8,36.0,0.8034223573994507,0.9570829187472841,0.17500948214230452
vehicle_age,BASE,{},1.0,0.9,41.0,0.7385567632773699,0.915249247106144,0.21449846743749118
vehicle_age,BASE,{},1.0,0.95,44.0,0.7021790363986598,0.9177218082534805,0.26770589446186105
vehicle_age,BUSINESS_TYPE_P,"{""business_type"":""P""}",0.0322438248873501,0.05,7.0,1.3091581300436597,1.3384126108025591,0.02210001113911877
vehicle_age,BUSINESS_TYPE_P,"{""business_type"":""P""}",0.0322438248873501,0.1,10.0,1.2446753451532508,1.0530999279755053,-0.1671366019543022
vehicle_age,BUSINESS_TYPE_P,"{""business_type"":""P""}",0.0322438248873501,0.2,14.0,1.1636116487135388,1.0321499642665122,-0.11988468780081911
vehicle_age,BUSINESS_TYPE_P,"{""business_type"":""P""}",0.0322438248873501,0.3,17.0,1.1062977781290382,1.0099567330358272,-0.09111161431937857
vehicle_age,BUSINESS_TYPE_P,"{""business_type"":""P""}",0.0322438248873501,0.4,20.0,1.0518069110483341,1.0023518941884562,-0.048160420024167844
vehicle_age,BUSINESS_TYPE_P,"{""business_type"":""P""}",0.0322438248873501,0.5,23.0,1.0,1.0,0.0
vehicle_age,BUSINESS_TYPE_P,"{""business_type"":""P""}",0.0322438248873501,0.6,27.0,0.934871613906893,1.0067882824823675,0.07411141628566618
vehicle_age,BUSINESS_TYPE_P,"{""business_type"":""P""}",0.0322438248873501,0.7,32.0,0.8593932529857155,1.001410523242099,0.15293818790348954
vehicle_age,BUSINESS_TYPE_P,"{""business_type"":""P""}",0.0322438248873501,0.8,36.0,0.8034223573994508,0.9570829487322887,0.17500951347188257
vehicle_age,BUSINESS_TYPE_P,"{""business_type"":""P""}",0.0322438248873501,0.9,41.0,0.73855676327737,0.9152492963935137,0.21449852128879826
vehicle_age,BUSINESS_TYPE_P,"{""business_type"":""P""}",0.0322438248873501,0.95,44.0,0.7021790363986598,0.9177218237703133,0.2677059113698528
vehicle_age,POLICY_TYPE_COMP_E,"{""policy_type"":""COMP_E""}",0.2375225200108693,0.05,7.0,1.3091581300436597,1.1614758213937173,-0.11969282550045172
vehicle_age,POLICY_TYPE_COMP_E,"{""policy_type"":""COMP_E""}",0.2375225200108693,0.1,10.0,1.2446753451532506,1.0549018429203854,-0.1654270062522186
vehicle_age,POLICY_TYPE_COMP_E,"{""policy_type"":""COMP_E""}",0.2375225200108693,0.2,14.0,1.1636116487135388,1.0413526476952888,-0.11100816765476798
vehicle_age,POLICY_TYPE_COMP_E,"{""policy_type"":""COMP_E""}",0.2375225200108693,0.3,17.0,1.1062977781290382,1.0091541377310722,-0.0919066131068614
vehicle_age,POLICY_TYPE_COMP_E,"{""policy_type"":""COMP_E""}",0.2375225200108693,0.4,20.0,1.051806911048334,1.0044785935533145,-0.0460409583417146
vehicle_age,POLICY_TYPE_COMP_E,"{""policy_type"":""COMP_E""}",0.2375225200108693,0.5,23.0,1.0,1.0,0.0
vehicle_age,POLICY_TYPE_COMP_E,"{""policy_type"":""COMP_E""}",0.2375225200108693,0.6,27.0,0.934871613906893,1.006788343493204,0.07411147688513435
vehicle_age,POLICY_TYPE_COMP_E,"{""policy_type"":""COMP_E""}",0.2375225200108693,0.7,32.0,0.8593932529857155,1.0014105660297299,0.15293823063085163
vehicle_age,POLICY_TYPE_COMP_E,"{""policy_type"":""COMP_E""}",0.2375225200108693,0.8,36.0,0.8034223573994506,0.9673202516159145,0.18564907118374108
vehicle_age,POLICY_TYPE_COMP_E,"{""policy_type"":""COMP_E""}",0.2375225200108693,0.9,41.0,0.73855676327737,0.9387289082500035,0.23982877296402916
vehicle_age,POLICY_TYPE_COMP_E,"{""policy_type"":""COMP_E""}",0.2375225200108693,0.95,44.0,0.7021790363986596,0.9552684292038527,0.3078039695719854
vehicle_age,FUEL_TYPE_G,"{""fuel_type"":""G""}",0.36069678525926124,0.05,7.0,1.3091581300436599,1.2858205642628993,-0.017987195846126815
vehicle_age,FUEL_TYPE_G,"{""fuel_type"":""G""}",0.36069678525926124,0.1,10.0,1.244675345153251,1.026596422803873,-0.19262584233609317
vehicle_age,FUEL_TYPE_G,"{""fuel_type"":""G""}",0.36069678525926124,0.2,14.0,1.163611648713539,1.0214999225886847,-0.13025659902130501
vehicle_age,FUEL_TYPE_G,"{""fuel_type"":""G""}",0.36069678525926124,0.3,17.0,1.1062977781290384,1.0105855162525665,-0.09048922373362549
vehicle_age,FUEL_TYPE_G,"{""fuel_type"":""G""}",0.36069678525926124,0.4,20.0,1.0518069110483341,1.0047768790664016,-0.04574404685450661
vehicle_age,FUEL_TYPE_G,"{""fuel_type"":""G""}",0.36069678525926124,0.5,23.0,1.0,1.0,0.0
vehicle_age,FUEL_TYPE_G,"{""fuel_type"":""G""}",0.36069678525926124,0.6,27.0,0.9348716139068931,1.0018031220128796,0.0691475687909167
vehicle_age,FUEL_TYPE_G,"{""fuel_type"":""G""}",0.36069678525926124,0.7,32.0,0.8593932529857156,0.999529326634669,0.15105787434803125
vehicle_age,FUEL_TYPE_G,"{""fuel_type"":""G""}",0.36069678525926124,0.8,36.0,0.8034223573994509,0.9534279230744397,0.1711832802157048
vehicle_age,FUEL_TYPE_G,"{""fuel_type"":""G""}",0.36069678525926124,0.9,41.0,0.73855676327737,0.9117540068701658,0.2106722624293523
vehicle_age,FUEL_TYPE_G,"{""fuel_type"":""G""}",0.36069678525926124,0.95,44.0,0.7021790363986598,0.9142170299081033,0.2638795848183454
vehicle_age,CIRCULATION_AREA_R,"{""circulation_area"":""R""}",0.45981696634625785,0.05,7.0,1.30915813004366,1.2908433952146496,-0.014088482321212388
vehicle_age,CIRCULATION_AREA_R,"{""circulation_area"":""R""}",0.45981696634625785,0.1,10.0,1.2446753451532508,1.037922225191655,-0.1816538745904184
vehicle_age,CIRCULATION_AREA_R,"{""circulation_area"":""R""}",0.45981696634625785,0.2,14.0,1.1636116487135388,1.021140623343625,-0.13060839782357644
vehicle_age,CIRCULATION_AREA_R,"{""circulation_area"":""R""}",0.45981696634625785,0.3,17.0,1.106297778129038,1.00511377120906,-0.09591836538959918
vehicle_age,CIRCULATION_AREA_R,"{""circulation_area"":""R""}",0.45981696634625785,0.4,20.0,1.0518069110483341,1.001014896200947,-0.04949517129629456
vehicle_age,CIRCULATION_AREA_R,"{""circulation_area"":""R""}",0.45981696634625785,0.5,23.0,1.0,1.0,0.0
vehicle_age,CIRCULATION_AREA_R,"{""circulation_area"":""R""}",0.45981696634625785,0.6,27.0,0.9348716139068932,1.0067882894941544,0.07411142325017568
vehicle_age,CIRCULATION_AREA_R,"{""circulation_area"":""R""}",0.45981696634625785,0.7,32.0,0.8593932529857155,1.001410518335265,0.15293818300356715
vehicle_age,CIRCULATION_AREA_R,"{""circulation_area"":""R""}",0.45981696634625785,0.8,36.0,0.8034223573994508,1.0018857786914261,0.22075873180888986
vehicle_age,CIRCULATION_AREA_R,"{""circulation_area"":""R""}",0.45981696634625785,0.9,41.0,0.73855676327737,0.963767555826658,0.2661521789217196
vehicle_age,CIRCULATION_AREA_R,"{""circulation_area"":""R""}",0.45981696634625785,0.95,44.0,0.7021790363986598,0.963767555826658,0.31666173175999923
