fold_id,feature,point_type,point_key,value_or_level,glm_frequency_relativity,xgb_frequency_relativity,log_xgb_over_glm_relativity,v51_full_fit_log_gap
0,driver_age,numeric,q0.05,30.0,0.9190968571016139,1.007308373261214,0.09164556467435261,0.14112579605403
0,driver_age,numeric,q0.10,32.0,0.9282644501408436,1.007308373261214,0.08172041547870351,0.127892353575496
0,driver_age,numeric,q0.20,36.0,0.9468748766300848,1.0034411386109647,0.05802355201728027,0.0823855400533132
0,driver_age,numeric,q0.30,39.0,0.9610771456696313,1.0021826925368995,0.041880910706699456,0.0593048403771465
0,driver_age,numeric,q0.40,43.0,0.9803454216089507,1.0,0.019850298391298645,0.0301637422792538
0,driver_age,numeric,q0.50,47.0,1.0,1.0,0.0,0.0
0,driver_age,numeric,q0.60,51.0,1.0200486256760315,1.0,-0.01985029839129841,-0.0301637422792536
0,driver_age,numeric,q0.70,55.0,1.0404991987435608,0.9790682013708752,-0.06085457133904033,-0.0623002241025713
0,driver_age,numeric,q0.80,59.0,1.0613597776953816,0.8926652429153745,-0.1730945315159981,-0.1964409283337278
0,driver_age,numeric,q0.90,64.0,1.0880246105437845,0.8912771124936885,-0.1994636551290704,-0.2394907189979483
0,driver_age,numeric,q0.95,68.0,1.1098380086868869,0.8798169439406055,-0.23225547795231113,-0.2686599012173566
0,vehicle_age,numeric,q0.05,7.0,1.2574142583878665,1.3905714671139455,0.10065735359047309,0.0220999230384877
0,vehicle_age,numeric,q0.10,10.0,1.2045537508906958,1.0826931057498315,-0.10665761347345437,-0.1671366004126769
0,vehicle_age,numeric,q0.20,14.0,1.1375135774840113,1.0341133491311216,-0.09530041595954881,-0.1198847172380538
0,vehicle_age,numeric,q0.30,17.0,1.0896935813374595,1.0178602096186644,-0.0681939486273917,-0.0911116429222344
0,vehicle_age,numeric,q0.40,20.0,1.0438838926516012,1.000813930116999,-0.04213467028496112,-0.0481604424532383
0,vehicle_age,numeric,q0.50,23.0,1.0,1.0,0.0,0.0
0,vehicle_age,numeric,q0.60,27.0,0.9443443903129171,1.0079507678938666,0.0651836862018934,0.0741113735329791
0,vehicle_age,numeric,q0.70,32.0,0.8791103858398173,0.9879304165935288,0.1167017957578762,0.1529381308574721
0,vehicle_age,numeric,q0.80,36.0,0.8301829613336553,0.9212795016653773,0.10411735466807774,0.1750094821423045
0,vehicle_age,numeric,q0.90,41.0,0.7728350704914322,0.9049918925273644,0.15786032218718682,0.2144984674374911
0,vehicle_age,numeric,q0.95,44.0,0.7403458142536622,0.9113064028717736,0.2077617839641198,0.267705894461861
0,age_driving_licence,numeric,q0.05,18.0,1.015414226079666,1.0,-0.015296633753740055,-0.0182259157184764
0,age_driving_licence,numeric,q0.10,18.0,1.015414226079666,1.0,-0.015296633753740055,-0.0182259157184764
0,age_driving_licence,numeric,q0.20,19.0,1.0102499301506918,1.0,-0.010197755835826734,-0.0121506104789841
0,age_driving_licence,numeric,q0.30,19.0,1.0102499301506918,1.0,-0.010197755835826734,-0.0121506104789841
0,age_driving_licence,numeric,q0.40,20.0,1.0051118993180272,1.0,-0.005098877917913584,-0.0060753052394922
0,age_driving_licence,numeric,q0.50,21.0,1.0,1.0,0.0,0.0
0,age_driving_licence,numeric,q0.60,22.0,0.9949140992943216,0.9965456559332723,0.0016385538293800918,0.006075305239492
0,age_driving_licence,numeric,q0.70,24.0,0.9848197654870587,1.0895856764552276,0.10109414438957522,0.0897793775039284
0,age_driving_licence,numeric,q0.80,26.0,0.9748278481347283,1.0602552756811576,0.08400409483388876,0.0746920667157219
0,age_driving_licence,numeric,q0.90,31.0,0.9502893334989851,1.0715086264809073,0.12005636592367794,0.1112686772891644
0,age_driving_licence,numeric,q0.95,37.0,0.9216570878414093,1.051606853401292,0.13190137765697071,0.1706896171757457
0,vehicle_value,numeric,q0.05,12739.125,0.9604060374715438,0.9217372907984926,-0.041095901843719515,-0.0134959205977478
0,vehicle_value,numeric,q0.10,14610.75,0.9664999691978857,0.9111938517565017,-0.058925602082273695,-0.0155921860054404
0,vehicle_value,numeric,q0.20,17388.0,0.9756139087336408,1.010303844670251,0.03493947806562728,0.0174147418015308
0,vehicle_value,numeric,q0.30,19732.3854,0.9833742031981115,1.0201347985836167,0.03670033064427876,0.0339374674331098
0,vehicle_value,numeric,q0.40,22272.252975,0.9918512532119481,1.0066621862925473,0.014822221305263393,0.0122699696523222
0,vehicle_value,numeric,q0.50,24693.375,1.0,1.0,0.0,0.0
0,vehicle_value,numeric,q0.60,27265.35,1.0087298181909652,0.9992735644924663,-0.009418633141569972,-0.0115408452587285
0,vehicle_value,numeric,q0.70,30429.0,1.0195724982881311,1.019221319646251,-0.00034449647851994455,-0.017201441621345
0,vehicle_value,numeric,q0.80,34497.9369,1.033689358530878,1.0381032252192512,0.0042609220642756615,-0.0098809730709212
0,vehicle_value,numeric,q0.90,41658.75,1.0590095837001823,1.0976542099263853,0.035841249937631804,-0.0266863790572246
0,vehicle_value,numeric,q0.95,49666.33455,1.0880592170767105,1.119155197559036,0.028178538382198016,-0.0219636947962022
0,seats,numeric,q0.05,4.0,0.9984275776835518,1.1038918577462256,0.10041564798688547,0.0723160399119837
0,seats,numeric,q0.10,5.0,1.0,1.0,0.0,0.0
0,seats,numeric,q0.20,5.0,1.0,1.0,0.0,0.0
0,seats,numeric,q0.30,5.0,1.0,1.0,0.0,0.0
0,seats,numeric,q0.40,5.0,1.0,1.0,0.0,0.0
0,seats,numeric,q0.50,5.0,1.0,1.0,0.0,0.0
0,seats,numeric,q0.60,5.0,1.0,1.0,0.0,0.0
0,seats,numeric,q0.70,5.0,1.0,1.0,0.0,0.0
0,seats,numeric,q0.80,5.0,1.0,1.0,0.0,0.0
0,seats,numeric,q0.90,5.0,1.0,1.0,0.0,0.0
0,seats,numeric,q0.95,7.0,1.0031522777506763,1.0,-0.0031473197397867,-0.0151109661332578
0,power_to_weight_ratio,numeric,q0.05,8.68,0.984907028667926,0.9697446078399504,-0.015514503634532306,0.0486197891992534
0,power_to_weight_ratio,numeric,q0.10,9.43,0.9882965439280366,0.9921138372589429,0.0038550576130248378,0.0413537593015757
0,power_to_weight_ratio,numeric,q0.20,10.36,0.9925157474810511,0.991101283543212,-0.0014261464339694017,0.0156702028762767
0,power_to_weight_ratio,numeric,q0.30,10.98,0.9953385520468654,0.9915673345512149,-0.0037960751435173784,0.0113491630042734
0,power_to_weight_ratio,numeric,q0.40,11.51,0.9977579585813089,0.9756957988501638,-0.022359864101191906,0.0044677507266613
0,power_to_weight_ratio,numeric,q0.50,12.0,1.0,1.0,0.0,0.0
0,power_to_weight_ratio,numeric,q0.60,12.64,1.0029359698609386,0.9715703467495346,-0.031773270657705056,-0.0042461173968461
0,power_to_weight_ratio,numeric,q0.70,13.33,1.0061109694767565,0.975038573474885,-0.03137061945360169,0.0114492440952787
0,power_to_weight_ratio,numeric,q0.80,14.3,1.0105913787548535,0.9984232685819047,-0.012113658788065498,0.0072682295543233
0,power_to_weight_ratio,numeric,q0.90,15.65,1.0168602268351417,1.0338484950927171,0.016568571348657822,0.019038601322409
0,power_to_weight_ratio,numeric,q0.95,16.72,1.0218564825133174,1.0639041801294595,0.04032427674343126,0.0606504698264189
0,policy_type,categorical,CC,CC,1.0,1.0,0.0,0.0
0,policy_type,categorical,COMP_E,COMP_E,1.5846802555911104,1.5709054418938275,-0.008730487784123256,0.0086608713547397
0,policy_type,categorical,TPG,TPG,0.9419295148361505,0.9547983344060227,0.013569703258232202,0.0298479786897049
0,policy_type,categorical,COMP_N,COMP_N,3.183052711141303,3.3083396719520994,0.038605745488005584,-0.0182847234689394
0,policy_type,categorical,TP,TP,0.5400857430084139,0.4557457750667993,-0.16979276707347166,-0.1485773197955667
0,business_type,categorical,NB,NB,1.0,1.0,0.0,0.0
0,business_type,categorical,P,P,1.0653414650092112,1.0339436420944963,-0.029915102337558244,-0.0257133896886285
0,payment_frequency,categorical,A,A,1.0,1.0,0.0,0.0
0,payment_frequency,categorical,S,S,1.3040513530141555,1.2581960507696275,-0.03579685451981342,-0.0025968866505779
0,payment_frequency,categorical,Q,Q,1.6587614395445414,1.6202051328726186,-0.023518436667521854,-0.0091075279657528
0,bonus_score,categorical,G,G,1.0,1.0,0.0,0.0
0,bonus_score,categorical,B,B,1.3247146799623588,1.2599945661242542,-0.0500896920183325,-0.0393270276967864
0,bonus_score,categorical,N,N,1.350750290437189,1.1986474362725021,-0.11946642410284446,-0.108858255838972
0,fuel_type,categorical,D,D,1.0,1.0,0.0,0.0
0,fuel_type,categorical,G,G,0.9010501505842028,0.8597689627635945,-0.046897211879152634,0.0150662885723012
0,vehicle_brand,categorical,RENAULT,RENAULT,1.0,1.0,0.0,0.0
0,vehicle_brand,categorical,CITROEN,CITROEN,1.0244978932616593,1.0008598444708825,-0.02334315732073061,0.0224856605975554
0,vehicle_brand,categorical,PEUGEOT,PEUGEOT,1.099837091228931,1.0585227198850597,-0.03828779436364582,-0.0489338037858565
0,vehicle_brand,categorical,VOLKSWAGEN,VOLKSWAGEN,1.1051140578728595,1.0590400351495373,-0.042585678858888,-0.0132097062671202
0,vehicle_brand,categorical,OPEL,OPEL,1.045779435113136,1.035765114626065,-0.009622083517200893,-0.0047802723034745
0,vehicle_brand,categorical,FORD,FORD,1.1378173105442406,1.0784328902801343,-0.05360282740922721,-0.0474808959299611
0,vehicle_brand,categorical,SEAT,SEAT,1.1897258862299065,1.1317069494015695,-0.049995865237754344,-0.0437725409777204
0,vehicle_brand,categorical,AUDI,AUDI,1.1522161520205099,1.060303424804478,-0.08313205965741328,-0.0774767640463329
0,vehicle_brand,categorical,MERCEDES,MERCEDES,1.1377723880493897,1.0623106540804452,-0.0686259071867273,-0.0499528528500494
0,vehicle_brand,categorical,BMW,BMW,1.2491586696247965,1.0977855195608692,-0.12917527377433213,-0.1231813633549763
0,municipality_type,categorical,I,I,1.0,1.0,0.0,0.0
0,municipality_type,categorical,C,C,0.9972361843909029,0.9977762012495205,0.0005413669365598149,0.018748429816367
0,municipality_type,categorical,IS,IS,0.8565789881875087,0.9101104626216527,0.06061944407640311,0.0641895089569835
0,circulation_area,categorical,U,U,1.0,1.0,0.0,0.0
0,circulation_area,categorical,R,R,0.8987056430788642,0.9336479346938068,0.038143869782969506,0.0227355809259511
1,driver_age,numeric,q0.05,30.0,0.8037778788418716,0.9997977876552361,0.21823008527752213,0.14112579605403
1,driver_age,numeric,q0.10,32.0,0.8247009870393259,1.0027141284293661,0.19544485013082225,0.127892353575496
1,driver_age,numeric,q0.20,36.0,0.868195326809299,0.99843823666475,0.1397755745922848,0.0823855400533132
1,driver_age,numeric,q0.30,39.0,0.9023149249684256,0.9948404511897008,0.09761877384756042,0.0593048403771465
1,driver_age,numeric,q0.40,43.0,0.9499025870942902,1.0,0.05139583954587267,0.0301637422792538
1,driver_age,numeric,q0.50,47.0,1.0,1.0,0.0,0.0
1,driver_age,numeric,q0.60,51.0,1.0527395267539543,1.0,-0.051395839545872714,-0.0301637422792536
1,driver_age,numeric,q0.70,55.0,1.1082605111901398,0.9984457310575815,-0.10434715716317351,-0.0623002241025713
1,driver_age,numeric,q0.80,59.0,1.1667096460704032,0.9301638410534664,-0.22658205381335464,-0.1964409283337278
1,driver_age,numeric,q0.90,64.0,1.2441248090092454,0.9288742604396892,-0.29221421676405224,-0.2394907189979483
1,driver_age,numeric,q0.95,68.0,1.3097393626592468,0.9172728040747695,-0.35617851231999964,-0.2686599012173566
1,vehicle_age,numeric,q0.05,7.0,1.4141387120311322,1.2930898972859397,-0.08948603819212889,0.0220999230384877
1,vehicle_age,numeric,q0.10,10.0,1.325179653278582,1.123990232762215,-0.1646629759066976,-0.1671366004126769
1,vehicle_age,numeric,q0.20,14.0,1.2152111797747154,1.0346144884327453,-0.1608889898162808,-0.1198847172380538
1,vehicle_age,numeric,q0.30,17.0,1.1387660320543302,1.0109392245619868,-0.11906542408619548,-0.0911116429222344
1,vehicle_age,numeric,q0.40,20.0,1.0671298103109714,1.0,-0.06497262406779426,-0.0481604424532383
1,vehicle_age,numeric,q0.50,23.0,1.0,1.0,0.0,0.0
1,vehicle_age,numeric,q0.60,27.0,0.9170161772165777,1.0013585971586714,0.08798784052432032,0.0741113735329791
1,vehicle_age,numeric,q0.70,32.0,0.8229022384285398,1.0015770246442888,0.19649365465012056,0.1529381308574721
1,vehicle_age,numeric,q0.80,36.0,0.7546146649067045,0.9089856407433348,0.18612205593567305,0.1750094821423045
1,vehicle_age,numeric,q0.90,41.0,0.6771680940107013,0.8656468614845438,0.24555750962602685,0.2144984674374911
1,vehicle_age,numeric,q0.95,44.0,0.6345695598301844,0.8863349966343363,0.3341480686744525,0.267705894461861
1,age_driving_licence,numeric,q0.05,18.0,1.033940949859428,1.0113638841121597,-0.02207786578358778,-0.0182259157184764
1,age_driving_licence,numeric,q0.10,18.0,1.033940949859428,1.0113638841121597,-0.02207786578358778,-0.0182259157184764
1,age_driving_licence,numeric,q0.20,19.0,1.0225011946897615,1.0039328529654632,-0.018326637818349988,-0.0121506104789841
1,age_driving_licence,numeric,q0.30,19.0,1.0225011946897615,1.0039328529654632,-0.018326637818349988,-0.0121506104789841
1,age_driving_licence,numeric,q0.40,20.0,1.0111880115437295,1.0039328529654632,-0.0072007491509091075,-0.0060753052394922
1,age_driving_licence,numeric,q0.50,21.0,1.0,1.0,0.0,0.0
1,age_driving_licence,numeric,q0.60,22.0,0.988935775131818,1.0013148571568726,0.012439882156625857,0.006075305239492
1,age_driving_licence,numeric,q0.70,24.0,0.9671732221612437,1.0643816035820473,0.09577164260537138,0.0897793775039284
1,age_driving_licence,numeric,q0.80,26.0,0.9458895766422013,1.0504816850665366,0.1048782499965051,0.0746920667157219
1,age_driving_licence,numeric,q0.90,31.0,0.8947070912003628,1.0501742786987553,0.16021501678383449,0.1112686772891644
1,age_driving_licence,numeric,q0.95,37.0,0.8369305233576614,1.0626375221084587,0.2387682646924864,0.1706896171757457
1,vehicle_value,numeric,q0.05,12739.125,0.9536443269382846,0.9408614736429017,-0.013494862124689743,-0.0134959205977478
1,vehicle_value,numeric,q0.10,14610.75,0.9607575516903085,0.9522359180358695,-0.008909272463681416,-0.0155921860054404
1,vehicle_value,numeric,q0.20,17388.0,0.9714105550549387,1.0091709566388056,0.038135242084773174,0.0174147418015308
1,vehicle_value,numeric,q0.30,19732.3854,0.9804950600063178,1.0115007589776013,0.03113279957175169,0.0339374674331098
1,vehicle_value,numeric,q0.40,22272.252975,0.9904329626478804,1.004432047658888,0.014035350508240802,0.0122699696523222
1,vehicle_value,numeric,q0.50,24693.375,1.0,1.0,0.0,0.0
1,vehicle_value,numeric,q0.60,27265.35,1.0102643801089675,0.9951383192393327,-0.015085596257723734,-0.0115408452587285
1,vehicle_value,numeric,q0.70,30429.0,1.0230346641505281,1.022124537732224,-0.0008900299571264622,-0.017201441621345
1,vehicle_value,numeric,q0.80,34497.9369,1.0396968043075505,1.0446175270683844,0.004721679286798845,-0.0098809730709212
1,vehicle_value,numeric,q0.90,41658.75,1.069681814687088,1.1192255703232945,0.04527575627377338,-0.0266863790572246
1,vehicle_value,numeric,q0.95,49666.33455,1.1042379399626332,1.1313327619426556,0.024240923123142168,-0.0219636947962022
1,seats,numeric,q0.05,4.0,0.9897267332105062,1.0938676790001662,0.10004614614685875,0.0723160399119837
1,seats,numeric,q0.10,5.0,1.0,1.0,0.0,0.0
1,seats,numeric,q0.20,5.0,1.0,1.0,0.0,0.0
1,seats,numeric,q0.30,5.0,1.0,1.0,0.0,0.0
1,seats,numeric,q0.40,5.0,1.0,1.0,0.0,0.0
1,seats,numeric,q0.50,5.0,1.0,1.0,0.0,0.0
1,seats,numeric,q0.60,5.0,1.0,1.0,0.0,0.0
1,seats,numeric,q0.70,5.0,1.0,1.0,0.0,0.0
1,seats,numeric,q0.80,5.0,1.0,1.0,0.0,0.0
1,seats,numeric,q0.90,5.0,1.0,1.0,0.0,0.0
1,seats,numeric,q0.95,7.0,1.020867546961693,1.0,-0.02065280203215373,-0.0151109661332578
1,power_to_weight_ratio,numeric,q0.05,8.68,0.9610107917350341,0.9837378488639863,0.02337380920138944,0.0486197891992534
1,power_to_weight_ratio,numeric,q0.10,9.43,0.9696835140743161,0.9982264178709929,0.029010378085964694,0.0413537593015757
1,power_to_weight_ratio,numeric,q0.20,10.36,0.9805464663113088,0.9879078652971459,0.007479404713540066,0.0156702028762767
1,power_to_weight_ratio,numeric,q0.30,10.98,0.9878559578716323,0.9996517151258649,0.011870037951406157,0.0113491630042734
1,power_to_weight_ratio,numeric,q0.40,11.51,0.9941475769408007,1.0,0.0058696155985238875,0.0044677507266613
1,power_to_weight_ratio,numeric,q0.50,12.0,1.0,1.0,0.0,0.0
1,power_to_weight_ratio,numeric,q0.60,12.64,1.0076958990682856,0.9989323896757244,-0.008734617326233039,-0.0042461173968461
1,power_to_weight_ratio,numeric,q0.70,13.33,1.0160594017813431,1.0157089286833578,-0.00034499317289904624,0.0114492440952787
1,power_to_weight_ratio,numeric,q0.80,14.3,1.0279343024734728,1.0242126799676243,-0.0036270565585087896,0.0072682295543233
1,power_to_weight_ratio,numeric,q0.90,15.65,1.0446925658827515,1.034916171809637,-0.009402216788781418,0.019038601322409
1,power_to_weight_ratio,numeric,q0.95,16.72,1.0581689096681774,1.0612863512117752,0.002941740596549269,0.0606504698264189
1,policy_type,categorical,CC,CC,1.0,1.0,0.0,0.0
1,policy_type,categorical,COMP_E,COMP_E,1.5465251955302421,1.5288671748319211,-0.011483552419462834,0.0086608713547397
1,policy_type,categorical,TPG,TPG,0.9053411272034201,0.9450136397949535,0.0428875522213088,0.0298479786897049
1,policy_type,categorical,COMP_N,COMP_N,3.1337069850776915,3.2551832583439846,0.03803193058744728,-0.0182847234689394
1,policy_type,categorical,TP,TP,0.513413261969569,0.44927498562439194,-0.1334459593335645,-0.1485773197955667
1,business_type,categorical,NB,NB,1.0,1.0,0.0,0.0
1,business_type,categorical,P,P,1.0505199474189881,1.0,-0.049285229622389466,-0.0257133896886285
1,payment_frequency,categorical,A,A,1.0,1.0,0.0,0.0
1,payment_frequency,categorical,S,S,1.300563820470251,1.30755925339496,0.005364355516829825,-0.0025968866505779
1,payment_frequency,categorical,Q,Q,1.7329164904754055,1.7329141469609555,-1.3523537040707122e-06,-0.0091075279657528
1,bonus_score,categorical,G,G,1.0,1.0,0.0,0.0
1,bonus_score,categorical,B,B,1.2937134483785062,1.2687930757260704,-0.019450610628559756,-0.0393270276967864
1,bonus_score,categorical,N,N,1.3902510590528567,1.2681627291580935,-0.09191516577782169,-0.108858255838972
1,fuel_type,categorical,D,D,1.0,1.0,0.0,0.0
1,fuel_type,categorical,G,G,0.8627634894139146,0.8705102455163092,0.008938931606237158,0.0150662885723012
1,vehicle_brand,categorical,RENAULT,RENAULT,1.0,1.0,0.0,0.0
1,vehicle_brand,categorical,CITROEN,CITROEN,0.9751526147406662,0.9885091881256115,0.013603950898023178,0.0224856605975554
1,vehicle_brand,categorical,PEUGEOT,PEUGEOT,1.1554063759556064,1.0884079456915416,-0.05973609450488125,-0.0489338037858565
1,vehicle_brand,categorical,VOLKSWAGEN,VOLKSWAGEN,1.0728162231166696,1.0436688050667546,-0.02754497248591144,-0.0132097062671202
1,vehicle_brand,categorical,OPEL,OPEL,1.081277533788486,1.0480044475814914,-0.03125541394989438,-0.0047802723034745
1,vehicle_brand,categorical,FORD,FORD,1.132667825342981,1.0513887109916853,-0.0744638853190666,-0.0474808959299611
1,vehicle_brand,categorical,SEAT,SEAT,1.1258888280844361,1.1097668289997575,-0.014422863830692858,-0.0437725409777204
1,vehicle_brand,categorical,AUDI,AUDI,1.1796647402586753,1.0663405016065253,-0.10099758504990537,-0.0774767640463329
1,vehicle_brand,categorical,MERCEDES,MERCEDES,1.1548790025184568,1.0667563722778322,-0.0793729621498785,-0.0499528528500494
1,vehicle_brand,categorical,BMW,BMW,1.3285927839781935,1.1191136313467287,-0.1715833535358298,-0.1231813633549763
1,municipality_type,categorical,I,I,1.0,1.0,0.0,0.0
1,municipality_type,categorical,C,C,1.0065249202198974,0.9983781452604097,-0.008126896445520542,0.018748429816367
1,municipality_type,categorical,IS,IS,0.9120987554248888,0.9659678258902658,0.057382258456919515,0.0641895089569835
1,circulation_area,categorical,U,U,1.0,1.0,0.0,0.0
1,circulation_area,categorical,R,R,0.9086846182711862,0.9397751273365473,0.0336425410295209,0.0227355809259511
2,driver_age,numeric,q0.05,30.0,0.9636214993103959,1.0168791869842657,0.05379501352736559,0.14112579605403
2,driver_age,numeric,q0.10,32.0,0.9678316853195053,1.017457836273192,0.05000428455026262,0.127892353575496
2,driver_age,numeric,q0.20,36.0,0.976307322236279,1.0,0.023977862792690128,0.0823855400533132
2,driver_age,numeric,q0.30,39.0,0.9827127240292481,1.0,0.017438445667410745,0.0593048403771465
2,driver_age,numeric,q0.40,43.0,0.9913186793505145,1.0,0.008719222833705374,0.0301637422792538
2,driver_age,numeric,q0.50,47.0,1.0,1.0,0.0,0.0
2,driver_age,numeric,q0.60,51.0,1.0087573459779586,1.0016137459934,-0.007106777529237982,-0.0301637422792536
2,driver_age,numeric,q0.70,55.0,1.017591383064495,1.0016137459934,-0.01582600036294331,-0.0623002241025713
2,driver_age,numeric,q0.80,59.0,1.0265027828701803,0.9224069198904271,-0.10692647650707858,-0.1964409283337278
2,driver_age,numeric,q0.90,64.0,1.03775185663213,0.9097676127707912,-0.13162277970865696,-0.2394907189979483
2,driver_age,numeric,q0.95,68.0,1.0468398086799264,0.926565047979138,-0.12204694730983254,-0.2686599012173566
2,vehicle_age,numeric,q0.05,7.0,1.193963742110493,1.4614474024189301,0.20214866838815213,0.0220999230384877
2,vehicle_age,numeric,q0.10,10.0,1.1549290359049462,1.0487978621342877,-0.09639428623815552,-0.1671366004126769
2,vehicle_age,numeric,q0.20,14.0,1.1048606731460113,1.0035128425866007,-0.0962125524026463,-0.1198847172380538
2,vehicle_age,numeric,q0.30,17.0,1.0687390471257083,1.0053428901537862,-0.061150825359330696,-0.0911116429222344
2,vehicle_age,numeric,q0.40,20.0,1.0337983590264148,1.0053428901537862,-0.02791107890288661,-0.0481604424532383
2,vehicle_age,numeric,q0.50,23.0,1.0,1.0,0.0,0.0
2,vehicle_age,numeric,q0.60,27.0,0.9566481046000339,1.0029171616776913,0.047232576960279625,0.0741113735329791
2,vehicle_age,numeric,q0.70,32.0,0.9050914964260353,0.9925996901522535,0.09229141138277264,0.1529381308574721
2,vehicle_age,numeric,q0.80,36.0,0.8658540645455752,0.9596901295446305,0.10289407296142469,0.1750094821423045
2,vehicle_age,numeric,q0.90,41.0,0.8191906169027198,0.9339546420993118,0.13111107374330974,0.2144984674374911
2,vehicle_age,numeric,q0.95,44.0,0.7924085095996832,0.9269160412809566,0.156785937322128,0.267705894461861
2,age_driving_licence,numeric,q0.05,18.0,0.9974969498677421,1.0142033775547519,0.016609642637718573,-0.0182259157184764
2,age_driving_licence,numeric,q0.10,18.0,0.9974969498677421,1.0142033775547519,0.016609642637718573,-0.0182259157184764
2,age_driving_licence,numeric,q0.20,19.0,0.9983306029962669,0.9946804573586072,-0.0036629497863769353,-0.0121506104789841
2,age_driving_licence,numeric,q0.30,19.0,0.9983306029962669,0.9946804573586072,-0.0036629497863769353,-0.0121506104789841
2,age_driving_licence,numeric,q0.40,20.0,0.9991649528462588,0.9946804573586072,-0.00449834578620792,-0.0060753052394922
2,age_driving_licence,numeric,q0.50,21.0,1.0,1.0,0.0,0.0
2,age_driving_licence,numeric,q0.60,22.0,1.0008357450402583,1.0045421911193302,0.003696510500793033,0.006075305239492
2,age_driving_licence,numeric,q0.70,24.0,1.0025093311138342,1.0499010853186939,0.04618976727403336,0.0897793775039284
2,age_driving_licence,numeric,q0.80,26.0,1.0041857157388803,1.0451358509426683,0.039969897870309065,0.0746920667157219
2,age_driving_licence,numeric,q0.90,31.0,1.0083889516940074,1.047639782940519,0.03818584824756654,0.1112686772891644
2,age_driving_licence,numeric,q0.95,37.0,1.013456064802381,1.094253765602472,0.07670630234904677,0.1706896171757457
2,vehicle_value,numeric,q0.05,12739.125,0.9546975892045784,0.9393111575490846,-0.01624783430569651,-0.0134959205977478
2,vehicle_value,numeric,q0.10,14610.75,0.9616524581621115,0.9434026494246116,-0.01915993606511404,-0.0155921860054404
2,vehicle_value,numeric,q0.20,17388.0,0.9720660658745899,1.02039167474545,0.048518056262212964,0.0174147418015308
2,vehicle_value,numeric,q0.30,19732.3854,0.9809443236203321,1.0277285418087594,0.0465906435201867,0.0339374674331098
2,vehicle_value,numeric,q0.40,22272.252975,0.9906544140087943,1.0028361905176881,0.012221706100465567,0.0122699696523222
2,vehicle_value,numeric,q0.50,24693.375,1.0,1.0,0.0,0.0
2,vehicle_value,numeric,q0.60,27265.35,1.0100244756858168,0.9982568846598114,-0.0117192002453403,-0.0115408452587285
2,vehicle_value,numeric,q0.70,30429.0,1.0224929824818016,1.0180538720075178,-0.004350909627353487,-0.017201441621345
2,vehicle_value,numeric,q0.80,34497.9369,1.03875594136308,1.0339033556336377,-0.0046824816821613435,-0.0098809730709212
2,vehicle_value,numeric,q0.90,41658.75,1.0680073885876402,1.0518632698709152,-0.01523152440441083,-0.0266863790572246
2,vehicle_value,numeric,q0.95,49666.33455,1.1016945082823801,1.0384994802162477,-0.05907259276468516,-0.0219636947962022
2,seats,numeric,q0.05,4.0,0.9969504841821514,1.0289282775064033,0.03157192832863775,0.0723160399119837
2,seats,numeric,q0.10,5.0,1.0,1.0,0.0,0.0
2,seats,numeric,q0.20,5.0,1.0,1.0,0.0,0.0
2,seats,numeric,q0.30,5.0,1.0,1.0,0.0,0.0
2,seats,numeric,q0.40,5.0,1.0,1.0,0.0,0.0
2,seats,numeric,q0.50,5.0,1.0,1.0,0.0,0.0
2,seats,numeric,q0.60,5.0,1.0,1.0,0.0,0.0
2,seats,numeric,q0.70,5.0,1.0,1.0,0.0,0.0
2,seats,numeric,q0.80,5.0,1.0,1.0,0.0,0.0
2,seats,numeric,q0.90,5.0,1.0,1.0,0.0,0.0
2,seats,numeric,q0.95,7.0,1.0061270441463224,0.995621383397591,-0.010496580950838058,-0.0151109661332578
2,power_to_weight_ratio,numeric,q0.05,8.68,0.9768288208520128,1.0495140417545776,0.0717710909039843,0.0486197891992534
2,power_to_weight_ratio,numeric,q0.10,9.43,0.9820158791826649,1.0717593954399398,0.08744939341616269,0.0413537593015757
2,power_to_weight_ratio,numeric,q0.20,10.36,0.9884861005708059,1.0196172327918012,0.031007992501503392,0.0156702028762767
2,power_to_weight_ratio,numeric,q0.30,10.98,0.9928232477713395,1.0154922453969741,0.022576094764560902,0.0113491630042734
2,power_to_weight_ratio,numeric,q0.40,11.51,0.9965458927222409,1.0047803499387606,0.00822904682785964,0.0044677507266613
2,power_to_weight_ratio,numeric,q0.50,12.0,1.0,1.0,0.0,0.0
2,power_to_weight_ratio,numeric,q0.60,12.64,1.004529524047489,0.9828995438861203,-0.02176765408416159,-0.0042461173968461
2,power_to_weight_ratio,numeric,q0.70,13.33,1.0094359033568336,0.9781717081089742,-0.031461716994091796,0.0114492440952787
2,power_to_weight_ratio,numeric,q0.80,14.3,1.0163738278170127,0.9895128509604805,-0.02678374894389549,0.0072682295543233
2,power_to_weight_ratio,numeric,q0.90,15.65,1.0261091381595535,1.065578762478234,0.03774397693199242,0.019038601322409
2,power_to_weight_ratio,numeric,q0.95,16.72,1.03389147346359,1.0979072609840999,0.060076065144944076,0.0606504698264189
2,policy_type,categorical,CC,CC,1.0,1.0,0.0,0.0
2,policy_type,categorical,COMP_E,COMP_E,1.579427103481791,1.5429875604595897,-0.02334167712327242,0.0086608713547397
2,policy_type,categorical,TPG,TPG,0.9510925567008428,0.9624282463172492,0.011848130634578583,0.0298479786897049
2,policy_type,categorical,COMP_N,COMP_N,3.158840829121888,3.3830576682846467,0.06857480207156355,-0.0182847234689394
2,policy_type,categorical,TP,TP,0.5064037734254342,0.3885201346037313,-0.2649893272876455,-0.1485773197955667
2,business_type,categorical,NB,NB,1.0,1.0,0.0,0.0
2,business_type,categorical,P,P,1.0103190324457878,1.0331909371627606,0.0223858558973326,-0.0257133896886285
2,payment_frequency,categorical,A,A,1.0,1.0,0.0,0.0
2,payment_frequency,categorical,S,S,1.261004708273931,1.2906673748035775,0.023250638668016015,-0.0025968866505779
2,payment_frequency,categorical,Q,Q,1.6422777219016382,1.5755647915822921,-0.041470327260604525,-0.0091075279657528
2,bonus_score,categorical,G,G,1.0,1.0,0.0,0.0
2,bonus_score,categorical,B,B,1.2668140790149895,1.10530721600643,-0.1363818295989794,-0.0393270276967864
2,bonus_score,categorical,N,N,1.3680328700114912,1.1075514157995383,-0.21122219973716866,-0.108858255838972
2,fuel_type,categorical,D,D,1.0,1.0,0.0,0.0
2,fuel_type,categorical,G,G,0.8579158353250277,0.8906755215951361,0.037474187200058545,0.0150662885723012
2,vehicle_brand,categorical,RENAULT,RENAULT,1.0,1.0,0.0,0.0
2,vehicle_brand,categorical,CITROEN,CITROEN,0.9980200301685755,1.007986836260915,0.00993704286182384,0.0224856605975554
2,vehicle_brand,categorical,PEUGEOT,PEUGEOT,1.1629660658375225,1.0786359120081224,-0.07527649659686399,-0.0489338037858565
2,vehicle_brand,categorical,VOLKSWAGEN,VOLKSWAGEN,1.114940956748243,1.0875597712284417,-0.024865005401485576,-0.0132097062671202
2,vehicle_brand,categorical,OPEL,OPEL,1.0711398945959316,1.0653135659620803,-0.005454219513903139,-0.0047802723034745
2,vehicle_brand,categorical,FORD,FORD,1.1578786033560327,1.0863022699530218,-0.06381002455526448,-0.0474808959299611
2,vehicle_brand,categorical,SEAT,SEAT,1.1939270058446938,1.1164302121919858,-0.067111594497444,-0.0437725409777204
2,vehicle_brand,categorical,AUDI,AUDI,1.215188703157901,1.0894451715605726,-0.10923082624298333,-0.0774767640463329
2,vehicle_brand,categorical,MERCEDES,MERCEDES,1.1300661035954707,1.0867696459913918,-0.03906646130010108,-0.0499528528500494
2,vehicle_brand,categorical,BMW,BMW,1.3803927619712937,1.174187558018391,-0.16179160034255996,-0.1231813633549763
2,municipality_type,categorical,I,I,1.0,1.0,0.0,0.0
2,municipality_type,categorical,C,C,0.9540340382217799,0.9877228277002551,0.034702769335037444,0.018748429816367
2,municipality_type,categorical,IS,IS,0.9066412137975894,0.9553738912504097,0.05235597581323416,0.0641895089569835
2,circulation_area,categorical,U,U,1.0,1.0,0.0,0.0
2,circulation_area,categorical,R,R,0.9051200201071395,0.9320513585661987,0.02932036511531516,0.0227355809259511
3,driver_age,numeric,q0.05,30.0,0.9001961953212614,1.0361369373650797,0.14064185864008816,0.14112579605403
3,driver_age,numeric,q0.10,32.0,0.9114005164627796,1.0392873332056678,0.13130805520749508,0.127892353575496
3,driver_age,numeric,q0.20,36.0,0.9342292593157778,1.015990046259638,0.08389696334047339,0.0823855400533132
3,driver_age,numeric,q0.30,39.0,0.9517252921249137,1.0087277323344168,0.058168710368946,0.0593048403771465
3,driver_age,numeric,q0.40,43.0,0.9755640891939975,1.0,0.02473942226207959,0.0301637422792538
3,driver_age,numeric,q0.50,47.0,1.0,1.0,0.0,0.0
3,driver_age,numeric,q0.60,51.0,1.0250479810364805,0.9955606091113561,-0.02918869650802596,-0.0301637422792536
3,driver_age,numeric,q0.70,55.0,1.0507233634269646,0.9978794867244406,-0.05160160927140804,-0.0623002241025713
3,driver_age,numeric,q0.80,59.0,1.0770418623086704,0.9041956221632519,-0.1749278125881924,-0.1964409283337278
3,driver_age,numeric,q0.90,64.0,1.1108689474555276,0.9262297357545226,-0.1817755249529112,-0.2394907189979483
3,driver_age,numeric,q0.95,68.0,1.1386939717854083,0.9242797501355638,-0.20862246015192346,-0.2686599012173566
3,vehicle_age,numeric,q0.05,7.0,1.2794202592945632,1.3878186982791856,0.08132617981158662,0.0220999230384877
3,vehicle_age,numeric,q0.10,10.0,1.221654063792156,1.0665769823037816,-0.13575129197283953,-0.1671366004126769
3,vehicle_age,numeric,q0.20,14.0,1.1486690993401691,1.0478605831553303,-0.09185342155003336,-0.1198847172380538
3,vehicle_age,numeric,q0.30,17.0,1.0968063566033581,1.0182097417039602,-0.07435671482495662,-0.0911116429222344
3,vehicle_age,numeric,q0.40,20.0,1.0472852317317176,1.0086245948195713,-0.03761370694887695,-0.0481604424532383
3,vehicle_age,numeric,q0.50,23.0,1.0,1.0,0.0,0.0
3,vehicle_age,numeric,q0.60,27.0,0.9402572572587093,1.0022661894180909,0.0638653887099597,0.0741113735329791
3,vehicle_age,numeric,q0.70,32.0,0.8705727355027056,0.9918304938674971,0.13040090784391506,0.1529381308574721
3,vehicle_age,numeric,q0.80,36.0,0.8185623325279858,0.9363904974377567,0.13448303909514042,0.1750094821423045
3,vehicle_age,numeric,q0.90,41.0,0.757896887800664,0.9247764819002617,0.19900472265963817,0.2144984674374911
3,vehicle_age,numeric,q0.95,44.0,0.7236776236665331,0.9134335195132148,0.23286457555161472,0.267705894461861
3,age_driving_licence,numeric,q0.05,18.0,1.010769108249318,0.9974589513437206,-0.01325581698037812,-0.0182259157184764
3,age_driving_licence,numeric,q0.10,18.0,1.010769108249318,0.9974589513437206,-0.01325581698037812,-0.0182259157184764
3,age_driving_licence,numeric,q0.20,19.0,1.0071665808247443,0.9908174028660288,-0.01636603998239714,-0.0121506104789841
3,age_driving_licence,numeric,q0.30,19.0,1.0071665808247443,0.9908174028660288,-0.01636603998239714,-0.0121506104789841
3,age_driving_licence,numeric,q0.40,20.0,1.003576893329427,1.0,-0.0035705114601314947,-0.0060753052394922
3,age_driving_licence,numeric,q0.50,21.0,1.0,1.0,0.0,0.0
3,age_driving_licence,numeric,q0.60,22.0,0.9964358552362039,1.0016672156886042,0.005236338887465887,0.006075305239492
3,age_driving_licence,numeric,q0.70,24.0,0.9893456298165165,1.0402610946338193,0.05018326855778082,0.0897793775039284
3,age_driving_licence,numeric,q0.80,26.0,0.982305855508396,1.0299789859179231,0.047390957312644304,0.0746920667157219
3,age_driving_licence,numeric,q0.90,31.0,0.9649247937660819,1.057082883008475,0.09121823185750884,0.1112686772891644
3,age_driving_licence,numeric,q0.95,37.0,0.9444729958828564,1.05260013257126,0.10839160324611397,0.1706896171757457
3,vehicle_value,numeric,q0.05,12739.125,0.9705502948542256,0.9559402805429958,-0.015167781869292527,-0.0134959205977478
3,vehicle_value,numeric,q0.10,14610.75,0.9751031828756789,0.923597863396675,-0.054266529853880134,-0.0155921860054404
3,vehicle_value,numeric,q0.20,17388.0,0.9818984706276279,0.9822739299557464,0.00038230792020084426,0.0174147418015308
3,vehicle_value,numeric,q0.30,19732.3854,0.987671484544216,1.0121914214364534,0.024522846643946872,0.0339374674331098
3,vehicle_value,numeric,q0.40,22272.252975,0.993964182024145,1.0010580923918098,0.007111640162357968,0.0122699696523222
3,vehicle_value,numeric,q0.50,24693.375,1.0,1.0,0.0,0.0
3,vehicle_value,numeric,q0.60,27265.35,1.0064520460725965,1.003057855668078,-0.003378130786404256,-0.0115408452587285
3,vehicle_value,numeric,q0.70,30429.0,1.014445489202264,0.9930785921296374,-0.02128761906802688,-0.017201441621345
3,vehicle_value,numeric,q0.80,34497.9369,1.024819682599257,1.0433236519396942,0.017894758850494158,-0.0098809730709212
3,vehicle_value,numeric,q0.90,41658.75,1.0433352590066804,1.0328058643005835,-0.010143322981168592,-0.0266863790572246
3,vehicle_value,numeric,q0.95,49666.33455,1.0644367962562487,1.076064962007035,0.010865004054415818,-0.0219636947962022
3,seats,numeric,q0.05,4.0,0.9822539686499908,1.003663769910503,0.021562454839028803,0.0723160399119837
3,seats,numeric,q0.10,5.0,1.0,1.0,0.0,0.0
3,seats,numeric,q0.20,5.0,1.0,1.0,0.0,0.0
3,seats,numeric,q0.30,5.0,1.0,1.0,0.0,0.0
3,seats,numeric,q0.40,5.0,1.0,1.0,0.0,0.0
3,seats,numeric,q0.50,5.0,1.0,1.0,0.0,0.0
3,seats,numeric,q0.60,5.0,1.0,1.0,0.0,0.0
3,seats,numeric,q0.70,5.0,1.0,1.0,0.0,0.0
3,seats,numeric,q0.80,5.0,1.0,1.0,0.0,0.0
3,seats,numeric,q0.90,5.0,1.0,1.0,0.0,0.0
3,seats,numeric,q0.95,7.0,1.0364596886835826,1.0146612738632372,-0.0212559239055253,-0.0151109661332578
3,power_to_weight_ratio,numeric,q0.05,8.68,0.9861618112920759,1.0594326570985104,0.07166836471376213,0.0486197891992534
3,power_to_weight_ratio,numeric,q0.10,9.43,0.98927106920417,1.0250935364719478,0.03557076430548444,0.0413537593015757
3,power_to_weight_ratio,numeric,q0.20,10.36,0.9931401670514411,0.9986251814048583,0.005507705235696501,0.0156702028762767
3,power_to_weight_ratio,numeric,q0.30,10.98,0.9957279687851149,0.9995587923388081,0.003839877390405218,0.0113491630042734
3,power_to_weight_ratio,numeric,q0.40,11.51,0.9979454669952114,0.9994666999413265,0.0015232041392561943,0.0044677507266613
3,power_to_weight_ratio,numeric,q0.50,12.0,1.0,1.0,0.0,0.0
3,power_to_weight_ratio,numeric,q0.60,12.64,1.0026898432560525,1.0071583554894905,0.004446623977886974,-0.0042461173968461
3,power_to_weight_ratio,numeric,q0.70,13.33,1.0055979363025298,1.1159906731446778,0.10416018044028057,0.0114492440952787
3,power_to_weight_ratio,numeric,q0.80,14.3,1.0097003933669926,1.1220558605318105,0.10550894581538409,0.0072682295543233
3,power_to_weight_ratio,numeric,q0.90,15.65,1.015437868957329,1.1220558605318105,0.09984267497552747,0.019038601322409
3,power_to_weight_ratio,numeric,q0.95,16.72,1.0200085011795486,1.17997951578504,0.14568611707149048,0.0606504698264189
3,policy_type,categorical,CC,CC,1.0,1.0,0.0,0.0
3,policy_type,categorical,COMP_E,COMP_E,1.5494349575330948,1.597087253292751,0.030291182548422377,0.0086608713547397
3,policy_type,categorical,TPG,TPG,0.9449596041889767,1.0031664411124344,0.05977453778736195,0.0298479786897049
3,policy_type,categorical,COMP_N,COMP_N,3.3125849168240524,3.5789401254635775,0.07733787598868742,-0.0182847234689394
3,policy_type,categorical,TP,TP,0.4823561180761855,0.44837881558430237,-0.07304422980762437,-0.1485773197955667
3,business_type,categorical,NB,NB,1.0,1.0,0.0,0.0
3,business_type,categorical,P,P,1.010644827203782,1.0,-0.010588569911304281,-0.0257133896886285
3,payment_frequency,categorical,A,A,1.0,1.0,0.0,0.0
3,payment_frequency,categorical,S,S,1.281973020363509,1.292751283509804,0.00837241182722706,-0.0025968866505779
3,payment_frequency,categorical,Q,Q,1.7141011716880121,1.7413282768587028,0.015759354417665048,-0.0091075279657528
3,bonus_score,categorical,G,G,1.0,1.0,0.0,0.0
3,bonus_score,categorical,B,B,1.2659080506967963,1.258402610349305,-0.005946544203293122,-0.0393270276967864
3,bonus_score,categorical,N,N,1.3194716106774185,1.1672799443206678,-0.1225551532439593,-0.108858255838972
3,fuel_type,categorical,D,D,1.0,1.0,0.0,0.0
3,fuel_type,categorical,G,G,0.8752640579609782,0.8709125789408717,-0.0049840181524171585,0.0150662885723012
3,vehicle_brand,categorical,RENAULT,RENAULT,1.0,1.0,0.0,0.0
3,vehicle_brand,categorical,CITROEN,CITROEN,1.0691258576366975,1.1300164796136238,0.055390857242674486,0.0224856605975554
3,vehicle_brand,categorical,PEUGEOT,PEUGEOT,1.1550537809601793,1.1665526830455806,0.009906068316040273,-0.0489338037858565
3,vehicle_brand,categorical,VOLKSWAGEN,VOLKSWAGEN,1.1306092032737505,1.1665526830455806,0.03129636941387906,-0.0132097062671202
3,vehicle_brand,categorical,OPEL,OPEL,1.1184628736260427,1.1552175567215286,0.0323333786398931,-0.0047802723034745
3,vehicle_brand,categorical,FORD,FORD,1.1970951305335853,1.182745272876341,-0.012059658749383825,-0.0474808959299611
3,vehicle_brand,categorical,SEAT,SEAT,1.2203587608334163,1.2242893175953347,0.003215644970376221,-0.0437725409777204
3,vehicle_brand,categorical,AUDI,AUDI,1.2685555846376726,1.1823106325822306,-0.07040823130293954,-0.0774767640463329
3,vehicle_brand,categorical,MERCEDES,MERCEDES,1.1785909938430867,1.1900588570422996,0.009683113609716548,-0.0499528528500494
3,vehicle_brand,categorical,BMW,BMW,1.3939811421663528,1.1951261777789255,-0.15391201648015804,-0.1231813633549763
3,municipality_type,categorical,I,I,1.0,1.0,0.0,0.0
3,municipality_type,categorical,C,C,0.9897105580266484,1.0024796288482345,0.012819303871550123,0.018748429816367
3,municipality_type,categorical,IS,IS,0.881095716587405,0.9561332715801817,0.08173104333061734,0.0641895089569835
3,circulation_area,categorical,U,U,1.0,1.0,0.0,0.0
3,circulation_area,categorical,R,R,0.9040360048734569,0.9114011432890539,0.008113945261809497,0.0227355809259511
4,driver_age,numeric,q0.05,30.0,0.8792319430162776,1.0285839241309949,0.15688956999516335,0.14112579605403
4,driver_age,numeric,q0.10,32.0,0.8926465311777813,1.0270075204167097,0.14021385183646956,0.127892353575496
4,driver_age,numeric,q0.20,36.0,0.9200928359797846,1.0075316255714861,0.09078410984774614,0.0823855400533132
4,driver_age,numeric,q0.30,39.0,0.9412299649110182,1.0021467954991579,0.06271228014008004,0.0593048403771465
4,driver_age,numeric,q0.40,43.0,0.9701700700964847,1.0028742439987488,0.03315401411426049,0.0301637422792538
4,driver_age,numeric,q0.50,47.0,1.0,1.0,0.0,0.0
4,driver_age,numeric,q0.60,51.0,1.0307471141637556,0.9802696175642467,-0.05021151804939982,-0.0301637422792536
4,driver_age,numeric,q0.70,55.0,1.0624396133569098,0.973654333027621,-0.08726671826529493,-0.0623002241025713
4,driver_age,numeric,q0.80,59.0,1.095106565440891,0.8883105897346989,-0.20928551249863,-0.1964409283337278
4,driver_age,numeric,q0.90,64.0,1.137356311884459,0.8665134656235484,-0.27198417434234523,-0.2394907189979483
4,driver_age,numeric,q0.95,68.0,1.172326736250838,0.855973885606999,-0.3145058482726259,-0.2686599012173566
4,vehicle_age,numeric,q0.05,7.0,1.3275900928615618,1.1540608313553118,-0.1400784582174336,0.0220999230384877
4,vehicle_age,numeric,q0.10,10.0,1.2588949815998394,1.0425461201552846,-0.18856842377535601,-0.1671366004126769
4,vehicle_age,numeric,q0.20,14.0,1.1727987693770294,1.0229612539492998,-0.13669139152150245,-0.1198847172380538
4,vehicle_age,numeric,q0.30,17.0,1.1121132141117662,1.0049348838085403,-0.10133925471594155,-0.0911116429222344
4,vehicle_age,numeric,q0.40,20.0,1.0545677854513509,1.0023291882210648,-0.05080452108190666,-0.0481604424532383
4,vehicle_age,numeric,q0.50,23.0,1.0,1.0,0.0,0.0
4,vehicle_age,numeric,q0.60,27.0,0.9316096946280646,1.0030081534189417,0.07384497257698104,0.0741113735329791
4,vehicle_age,numeric,q0.70,32.0,0.8526611948366751,0.9791348032108548,0.13830705171735239,0.1529381308574721
4,vehicle_age,numeric,q0.80,36.0,0.7943474353429953,0.9367146998452514,0.16485781178102374,0.1750094821423045
4,vehicle_age,numeric,q0.90,41.0,0.7270311131803062,0.9312649379639242,0.24757453704230667,0.2144984674374911
4,vehicle_age,numeric,q0.95,44.0,0.6894114567221868,0.9746734772330109,0.34626424742165646,0.267705894461861
4,age_driving_licence,numeric,q0.05,18.0,1.022684574129381,1.0117322294439424,-0.010767164797745362,-0.0182259157184764
4,age_driving_licence,numeric,q0.10,18.0,1.022684574129381,1.0117322294439424,-0.010767164797745362,-0.0182259157184764
4,age_driving_licence,numeric,q0.20,19.0,1.015066441706018,1.0,-0.01495407016023559,-0.0121506104789841
4,age_driving_licence,numeric,q0.30,19.0,1.015066441706018,1.0,-0.01495407016023559,-0.0121506104789841
4,age_driving_licence,numeric,q0.40,20.0,1.0075050579059233,1.0,-0.007477035080117659,-0.0060753052394922
4,age_driving_licence,numeric,q0.50,21.0,1.0,1.0,0.0,0.0
4,age_driving_licence,numeric,q0.60,22.0,0.9925508484081236,1.0,0.007477035080117909,0.006075305239492
4,age_driving_licence,numeric,q0.70,24.0,0.9778186014503127,1.0250531989826333,0.04717561793036259,0.0897793775039284
4,age_driving_licence,numeric,q0.80,26.0,0.9633050224839442,1.0156727744572722,0.05293640029585465,0.0746920667157219
4,age_driving_licence,numeric,q0.90,31.0,0.9279565663427922,1.019377004827637,0.09396201191477492,0.1112686772891644
4,age_driving_licence,numeric,q0.95,37.0,0.8872463855049313,1.029583568896297,0.14878697972889138,0.1706896171757457
4,vehicle_value,numeric,q0.05,12739.125,0.9351068847751748,0.8935193279246043,-0.04549287195650815,-0.0134959205977478
4,vehicle_value,numeric,q0.10,14610.75,0.9449816631425011,0.8824807214209176,-0.06842858007002521,-0.0155921860054404
4,vehicle_value,numeric,q0.20,17388.0,0.959827058289334,0.9454887846383676,-0.015051094421360238,0.0174147418015308
4,vehicle_value,numeric,q0.30,19732.3854,0.9725400153429685,1.0141319207426023,0.04187705351229907,0.0339374674331098
4,vehicle_value,numeric,q0.40,22272.252975,0.9865031178539518,1.0,0.013588793003476363,0.0122699696523222
4,vehicle_value,numeric,q0.50,24693.375,1.0,1.0,0.0,0.0
4,vehicle_value,numeric,q0.60,27265.35,1.0145401652020234,0.9982883603729991,-0.016148576786445584,-0.0115408452587285
4,vehicle_value,numeric,q0.70,30429.0,1.0327155376385693,1.017505390202367,-0.014837841411218439,-0.017201441621345
4,vehicle_value,numeric,q0.80,34497.9369,1.0565713587627927,1.0655329090856513,0.008445959730332506,-0.0098809730709212
4,vehicle_value,numeric,q0.90,41658.75,1.09990068397447,1.0882131455939623,-0.010682853308741226,-0.0266863790572246
4,vehicle_value,numeric,q0.95,49666.33455,1.1504616184024645,1.1169514071300035,-0.029560253015516295,-0.0219636947962022
4,seats,numeric,q0.05,4.0,0.9962895048070318,1.0235697160695814,0.02701363531432062,0.0723160399119837
4,seats,numeric,q0.10,5.0,1.0,1.0,0.0,0.0
4,seats,numeric,q0.20,5.0,1.0,1.0,0.0,0.0
4,seats,numeric,q0.30,5.0,1.0,1.0,0.0,0.0
4,seats,numeric,q0.40,5.0,1.0,1.0,0.0,0.0
4,seats,numeric,q0.50,5.0,1.0,1.0,0.0,0.0
4,seats,numeric,q0.60,5.0,1.0,1.0,0.0,0.0
4,seats,numeric,q0.70,5.0,1.0,1.0,0.0,0.0
4,seats,numeric,q0.80,5.0,1.0,1.0,0.0,0.0
4,seats,numeric,q0.90,5.0,1.0,1.0,0.0,0.0
4,seats,numeric,q0.95,7.0,1.0074624990027097,1.0,-0.007434792312412528,-0.0151109661332578
4,power_to_weight_ratio,numeric,q0.05,8.68,0.9712580403377378,1.0069097658767228,0.03604910184087019,0.0486197891992534
4,power_to_weight_ratio,numeric,q0.10,9.43,0.9776778601829832,1.0104564089353598,0.03297716833950046,0.0413537593015757
4,power_to_weight_ratio,numeric,q0.20,10.36,0.9856973998576536,0.9890906601926757,0.003436585163981504,0.0156702028762767
4,power_to_weight_ratio,numeric,q0.30,10.98,0.9910802716452126,0.9976694852864123,0.006626512691820387,0.0113491630042734
4,power_to_weight_ratio,numeric,q0.40,11.51,0.9957050574386139,1.0024979180699851,0.006798995779743432,0.0044677507266613
4,power_to_weight_ratio,numeric,q0.50,12.0,1.0,1.0,0.0,0.0
4,power_to_weight_ratio,numeric,q0.60,12.64,1.0056376342000806,1.0017562097757724,-0.0038671327732605993,-0.0042461173968461
4,power_to_weight_ratio,numeric,q0.70,13.33,1.0117513182664901,1.0090011139884207,-0.0027219623069217732,0.0114492440952787
4,power_to_weight_ratio,numeric,q0.80,14.3,1.0204088208120077,1.0131450766301466,-0.007143921863536604,0.0072682295543233
4,power_to_weight_ratio,numeric,q0.90,15.65,1.0325813589488462,1.039404853211664,0.006586452062714014,0.019038601322409
4,power_to_weight_ratio,numeric,q0.95,16.72,1.0423322925994893,1.0616886674294883,0.01839993165319911,0.0606504698264189
4,policy_type,categorical,CC,CC,1.0,1.0,0.0,0.0
4,policy_type,categorical,COMP_E,COMP_E,1.565794345819636,1.575745376046039,0.006335150524088278,0.0086608713547397
4,policy_type,categorical,TPG,TPG,0.9448800223086841,0.9647819551385535,0.020844163669750643,0.0298479786897049
4,policy_type,categorical,COMP_N,COMP_N,3.234111154601076,3.09555017471233,-0.04378847842326628,-0.0182847234689394
4,policy_type,categorical,TP,TP,0.5062213992039881,0.4820537831699404,-0.048918430259526254,-0.1485773197955667
4,business_type,categorical,NB,NB,1.0,1.0,0.0,0.0
4,business_type,categorical,P,P,1.0606855203049725,1.003142328137639,-0.055778015018373886,-0.0257133896886285
4,payment_frequency,categorical,A,A,1.0,1.0,0.0,0.0
4,payment_frequency,categorical,S,S,1.2963073079629652,1.2953677024008718,-0.0007250952372527224,-0.0025968866505779
4,payment_frequency,categorical,Q,Q,1.7217208043846615,1.7261805053883452,0.0025869090151193173,-0.0091075279657528
4,bonus_score,categorical,G,G,1.0,1.0,0.0,0.0
4,bonus_score,categorical,B,B,1.2784301140206067,1.195590659264131,-0.06699251297166653,-0.0393270276967864
4,bonus_score,categorical,N,N,1.406998245085102,1.2017694614360768,-0.15766350894960904,-0.108858255838972
4,fuel_type,categorical,D,D,1.0,1.0,0.0,0.0
4,fuel_type,categorical,G,G,0.8908985570002677,0.9117090556195662,0.023090353201093167,0.0150662885723012
4,vehicle_brand,categorical,RENAULT,RENAULT,1.0,1.0,0.0,0.0
4,vehicle_brand,categorical,CITROEN,CITROEN,0.9895005937408246,0.9783941561106603,-0.011287753632640979,0.0224856605975554
4,vehicle_brand,categorical,PEUGEOT,PEUGEOT,1.0916596763712085,1.0266241640775744,-0.061423268239833,-0.0489338037858565
4,vehicle_brand,categorical,VOLKSWAGEN,VOLKSWAGEN,1.0307880403547292,1.0117051026718478,-0.018686469556166187,-0.0132097062671202
4,vehicle_brand,categorical,OPEL,OPEL,1.0773650458810224,1.0263105149205205,-0.04854794062759976,-0.0047802723034745
4,vehicle_brand,categorical,FORD,FORD,1.0632512071183944,1.0287736125617781,-0.03296396504281686,-0.0474808959299611
4,vehicle_brand,categorical,SEAT,SEAT,1.1091116057392436,1.0405250761473033,-0.0638338730244951,-0.0437725409777204
4,vehicle_brand,categorical,AUDI,AUDI,1.1228548653752664,1.0285910208659927,-0.08768450424255352,-0.0774767640463329
4,vehicle_brand,categorical,MERCEDES,MERCEDES,1.0542763833671664,1.0250556529938009,-0.02810773233302822,-0.0499528528500494
4,vehicle_brand,categorical,BMW,BMW,1.2873272453303213,1.1108187005732304,-0.14747085463024476,-0.1231813633549763
4,municipality_type,categorical,I,I,1.0,1.0,0.0,0.0
4,municipality_type,categorical,C,C,0.969139980875266,0.9757166309530663,0.006763146553698254,0.018748429816367
4,municipality_type,categorical,IS,IS,0.8751907068265439,0.8786279238879814,0.003919700021470849,0.0641895089569835
4,circulation_area,categorical,U,U,1.0,1.0,0.0,0.0
4,circulation_area,categorical,R,R,0.90424837476182,0.9204182749283097,0.01772413988601706,0.0227355809259511
